kpi_id,location_id,week_start,impressions_maps,impressions_search,phone_calls,direction_requests,website_clicks,bookings
7957b17f-5a1c-49c9-8fe0-d93784d8f0a0,c200addf-e7ef-4cb8-8f05-42b69f3bad98,2024-11-04,582,873,20,36,12,3
e61b2680-5042-4a59-8cca-351988c8d49c,c200addf-e7ef-4cb8-8f05-42b69f3bad98,2024-11-11,568,853,19,35,11,2
1275ed68-b9d2-47ee-b721-9efcd63022e6,c200addf-e7ef-4cb8-8f05-42b69f3bad98,2024-11-18,533,800,18,33,11,2
a68a3509-b2a6-4963-8fdf-944edc65c16a,c200addf-e7ef-4cb8-8f05-42b69f3bad98,2024-11-25,440,660,15,27,9,2
f92f5318-ce71-4366-9f9f-e59c5187b74e,c200addf-e7ef-4cb8-8f05-42b69f3bad98,2024-12-02,505,757,17,31,10,0
7fd4f19e-49ba-4c81-bf42-3d3ce4f56c49,c200addf-e7ef-4cb8-8f05-42b69f3bad98,2024-12-09,390,586,13,24,8,2
3b420c5c-99d3-490c-94ff-f722e3bf268d,c200addf-e7ef-4cb8-8f05-42b69f3bad98,2024-12-16,446,669,15,27,9,2
ef1e061d-c4af-4a7c-8fcb-804aa36443ac,c200addf-e7ef-4cb8-8f05-42b69f3bad98,2024-12-23,387,581,13,24,8,2
892d79ea-1479-4918-b2de-e2f488f1092b,c200addf-e7ef-4cb8-8f05-42b69f3bad98,2024-12-30,340,511,11,21,7,1
96d14e6a-3e07-4f10-81d3-a907d04d1ebd,c200addf-e7ef-4cb8-8f05-42b69f3bad98,2025-01-06,326,489,11,20,6,1
8cd1a7d5-6b4c-43ef-843a-67e9d10b7b2a,7103955b-c2c2-4742-a11f-361b8abd9d41,2024-11-04,1421,2132,68,123,41,10
d841a439-3c23-4b5a-aa3d-4f0867180504,7103955b-c2c2-4742-a11f-361b8abd9d41,2024-11-11,1556,2334,74,134,44,11
1b9bec05-d156-4e39-84d1-5cf416da7af8,7103955b-c2c2-4742-a11f-361b8abd9d41,2024-11-18,1326,1989,63,115,38,9
a3e2e02c-332d-4fc8-85cb-da19365d6521,7103955b-c2c2-4742-a11f-361b8abd9d41,2024-11-25,1243,1865,59,107,35,0
4a3580a2-0e85-487d-a680-7d3f0faeaa48,7103955b-c2c2-4742-a11f-361b8abd9d41,2024-12-02,1581,2372,76,137,45,0
b83cf997-f6e3-4e65-855a-523487bdba26,7103955b-c2c2-4742-a11f-361b8abd9d41,2024-12-09,1568,2353,75,136,45,11
8bfd3faa-6808-41bc-9a4f-6d1df5771b0d,7103955b-c2c2-4742-a11f-361b8abd9d41,2024-12-16,1495,2242,72,129,43,0
87ca4af5-f356-404f-9865-c8d643d9449d,7103955b-c2c2-4742-a11f-361b8abd9d41,2024-12-23,1529,2293,73,132,44,0
7c52d5cf-997e-4478-bd16-4051389a2d7b,7103955b-c2c2-4742-a11f-361b8abd9d41,2024-12-30,1418,2127,68,122,40,0
777938f2-1c91-4b7e-b4e8-0d7935e7b7e7,7103955b-c2c2-4742-a11f-361b8abd9d41,2025-01-06,1229,1844,59,106,35,8
bc1959e5-b4cf-43d3-a5b2-f6de7db0eaed,cd6dba72-7947-443e-a3ae-e55beb091559,2024-11-04,892,1339,50,90,30,0
df72586b-944a-4677-9eaa-91055dd1183a,cd6dba72-7947-443e-a3ae-e55beb091559,2024-11-11,698,1047,39,71,23,0
0e3916df-aa5d-4c57-b0ba-a604db6a3ff6,cd6dba72-7947-443e-a3ae-e55beb091559,2024-11-18,686,1030,38,69,23,5
977cd92b-5e97-4384-a8e3-1d1c67a3c21a,cd6dba72-7947-443e-a3ae-e55beb091559,2024-11-25,727,1091,41,74,24,0
ef070a1c-9965-4226-89de-60d39cdaebe0,cd6dba72-7947-443e-a3ae-e55beb091559,2024-12-02,749,1124,42,76,25,6
71b5865d-a8aa-49bc-b3a0-75f027244521,cd6dba72-7947-443e-a3ae-e55beb091559,2024-12-09,563,844,31,57,19,4
d19f10c7-4c33-45ed-bd8c-da67b7cb3155,cd6dba72-7947-443e-a3ae-e55beb091559,2024-12-16,666,1000,37,67,22,5
a40d9ae4-c582-4147-b912-33665ec819b6,cd6dba72-7947-443e-a3ae-e55beb091559,2024-12-23,596,894,33,60,20,5
2859ddb4-d96e-497a-b4df-53e07e054f18,cd6dba72-7947-443e-a3ae-e55beb091559,2024-12-30,509,764,28,51,17,0
fb63e331-cbed-4449-b544-c06ef3b40965,cd6dba72-7947-443e-a3ae-e55beb091559,2025-01-06,450,675,25,45,15,3
281a0525-27b1-45ff-bf9f-4b8e1ea9034d,76fb61ba-b9e4-4c15-9115-505453cec359,2024-11-04,2420,3630,116,209,69,17
bc0ddc12-92d9-4a1b-95de-87baa6639dbc,76fb61ba-b9e4-4c15-9115-505453cec359,2024-11-11,2682,4023,128,232,77,0
307dc2b9-0b11-49b9-a1b1-e28595b98424,76fb61ba-b9e4-4c15-9115-505453cec359,2024-11-18,2798,4198,134,242,80,0
0d11322d-d98c-427f-982b-88b11f96db5b,76fb61ba-b9e4-4c15-9115-505453cec359,2024-11-25,2974,4461,142,257,85,21
f35d2d83-b083-43f5-bbde-2c676f634fe2,76fb61ba-b9e4-4c15-9115-505453cec359,2024-12-02,2693,4040,129,232,77,19
5280de66-9efc-46a6-a2d4-fc5872682b85,76fb61ba-b9e4-4c15-9115-505453cec359,2024-12-09,3307,4961,158,286,95,23
24dca0c2-a8e0-4325-8902-7f2e32226944,76fb61ba-b9e4-4c15-9115-505453cec359,2024-12-16,3469,5204,166,300,100,25
7c44e5ce-16d0-4aa6-8251-199e2fdb1326,76fb61ba-b9e4-4c15-9115-505453cec359,2024-12-23,2760,4140,132,238,79,19
06042694-bb0c-426d-999e-5cc799d5435d,76fb61ba-b9e4-4c15-9115-505453cec359,2024-12-30,3004,4506,144,259,86,21
38e7ad1b-7269-4e0d-b2ae-900d69dd9c77,76fb61ba-b9e4-4c15-9115-505453cec359,2025-01-06,3351,5027,161,289,96,24
8c35e36a-fb42-497c-b1e9-3126848f0634,69570c06-47a2-4e00-8735-2b7dba3156be,2024-11-04,1182,1773,71,128,42,10
bd62ac80-ba3c-4808-becc-377e5dbc848b,69570c06-47a2-4e00-8735-2b7dba3156be,2024-11-11,1018,1528,61,110,36,0
69d5e045-4db1-4523-bced-08d23b6cbb29,69570c06-47a2-4e00-8735-2b7dba3156be,2024-11-18,895,1342,53,97,32,0
1047d3cd-a009-4434-a683-49dcc505cf87,69570c06-47a2-4e00-8735-2b7dba3156be,2024-11-25,984,1477,59,106,35,0
464c273a-b793-4cb4-8835-acac6406ee42,69570c06-47a2-4e00-8735-2b7dba3156be,2024-12-02,889,1334,53,96,32,8
fa4045f2-fb4c-440d-b960-84f91adbb7c3,69570c06-47a2-4e00-8735-2b7dba3156be,2024-12-09,1050,1576,63,114,38,9
7f396f4d-fca0-4cd6-86aa-840e80e51feb,69570c06-47a2-4e00-8735-2b7dba3156be,2024-12-16,1025,1537,61,111,37,0
07edabe3-d8f6-43b5-a8d7-a6160451d7e0,69570c06-47a2-4e00-8735-2b7dba3156be,2024-12-23,1037,1555,62,112,37,9
095b37ef-5b57-414c-9a7a-3834d7a59a32,69570c06-47a2-4e00-8735-2b7dba3156be,2024-12-30,1013,1519,61,109,36,9
51d60cad-d7d2-4065-8a32-f81d8c8c6986,69570c06-47a2-4e00-8735-2b7dba3156be,2025-01-06,795,1193,47,86,28,7
2d052ac3-e227-4ae2-929f-44e037723ef2,bae89f03-99cc-4047-9ceb-2c85bf045ce1,2024-11-04,1698,2548,109,197,65,0
69b555fd-705a-4d68-86d5-7bf090e74faa,bae89f03-99cc-4047-9ceb-2c85bf045ce1,2024-11-11,1520,2280,98,176,58,14
026ec3f8-d06e-4bc1-af94-9e7343ee7a8a,bae89f03-99cc-4047-9ceb-2c85bf045ce1,2024-11-18,1536,2304,99,178,59,14
e448a0f6-abfe-424e-bf45-624761bfcfae,bae89f03-99cc-4047-9ceb-2c85bf045ce1,2024-11-25,1775,2663,114,206,68,17
03d15e83-093c-418d-b06b-a9abf93b6e43,bae89f03-99cc-4047-9ceb-2c85bf045ce1,2024-12-02,1686,2530,108,196,65,16
8dea7fd9-5761-42a3-b765-42a1ccc0e972,bae89f03-99cc-4047-9ceb-2c85bf045ce1,2024-12-09,1754,2631,113,203,67,16
1d16e603-3934-4a98-8276-936bd1b306b6,bae89f03-99cc-4047-9ceb-2c85bf045ce1,2024-12-16,1977,2965,127,229,76,0
e53e19b3-30c7-4520-85d9-88be05157b8c,bae89f03-99cc-4047-9ceb-2c85bf045ce1,2024-12-23,2211,3317,142,257,85,21
65fc7fc0-bc10-49d6-9711-3ad1174eed6e,bae89f03-99cc-4047-9ceb-2c85bf045ce1,2024-12-30,2452,3678,158,285,95,23
24a6986c-888c-4759-a7c7-60cba594418a,bae89f03-99cc-4047-9ceb-2c85bf045ce1,2025-01-06,2435,3653,157,283,94,23
6c4a2dcc-7e34-4aba-87f1-4217cc1e9b24,a261eb47-36e5-4cb2-a491-abd4d8a59812,2024-11-04,770,1156,48,87,29,0
b74b81e4-20a9-49d2-809f-95ee5b218f6f,a261eb47-36e5-4cb2-a491-abd4d8a59812,2024-11-11,748,1123,47,84,28,7
9fbfd161-3481-4258-80ec-4f469655c0f5,a261eb47-36e5-4cb2-a491-abd4d8a59812,2024-11-18,856,1284,53,97,32,8
c7eeca7a-2bdb-4128-9980-0107b9b7dde4,a261eb47-36e5-4cb2-a491-abd4d8a59812,2024-11-25,836,1254,52,94,31,7
d6f32030-5d11-4866-8059-e7a372153d14,a261eb47-36e5-4cb2-a491-abd4d8a59812,2024-12-02,827,1241,52,93,31,7
59f6749d-b96a-4f16-a186-434ec587b17a,a261eb47-36e5-4cb2-a491-abd4d8a59812,2024-12-09,744,1116,46,84,28,0
ce6fbf80-7afb-4264-ba65-b1bde4288cf5,a261eb47-36e5-4cb2-a491-abd4d8a59812,2024-12-16,868,1302,54,98,32,8
a9ad5945-4662-4c9f-8cf2-bf23cd2b0da5,a261eb47-36e5-4cb2-a491-abd4d8a59812,2024-12-23,700,1051,44,79,26,6
e298e60d-1e90-4f1b-b397-f3de9e15a07b,a261eb47-36e5-4cb2-a491-abd4d8a59812,2024-12-30,844,1266,53,95,31,0
38435f23-2d23-45cf-b842-b97b59acd516,a261eb47-36e5-4cb2-a491-abd4d8a59812,2025-01-06,805,1208,50,91,30,0
2dac0fc2-489d-499a-885f-2c429a6cd5b0,d34a9a6d-4d2e-4269-8a13-47ebe1f9bbfa,2024-11-04,1059,1589,62,112,37,0
3947a7ed-cdf0-469d-a1d5-023cd2a57f9f,d34a9a6d-4d2e-4269-8a13-47ebe1f9bbfa,2024-11-11,1118,1677,66,119,39,9
ca0db9ab-29c5-4ec5-a713-aa3b0b759cf9,d34a9a6d-4d2e-4269-8a13-47ebe1f9bbfa,2024-11-18,1027,1540,60,109,36,9
c920566f-e023-4eb2-85f1-c930fdf0a4ff,d34a9a6d-4d2e-4269-8a13-47ebe1f9bbfa,2024-11-25,936,1404,55,99,33,8
4d2ea46f-01ea-478d-9f23-d1c581dcfef7,d34a9a6d-4d2e-4269-8a13-47ebe1f9bbfa,2024-12-02,891,1336,52,94,31,0
414b594e-dffd-4ba7-b6e9-b1284b4a1977,d34a9a6d-4d2e-4269-8a13-47ebe1f9bbfa,2024-12-09,777,1165,45,82,27,6
d996be33-4716-41f3-ae8c-5dfcb002b33b,d34a9a6d-4d2e-4269-8a13-47ebe1f9bbfa,2024-12-16,858,1287,50,91,30,7
c6c271d8-b3af-4059-9e22-526a11de9e3c,d34a9a6d-4d2e-4269-8a13-47ebe1f9bbfa,2024-12-23,854,1281,50,90,30,7
4af0a5e5-2a76-4bb5-ab7e-07a1adbe414e,d34a9a6d-4d2e-4269-8a13-47ebe1f9bbfa,2024-12-30,670,1005,39,71,23,0
23510be8-d38f-4ec6-b4ad-6db0b5fe6f1b,d34a9a6d-4d2e-4269-8a13-47ebe1f9bbfa,2025-01-06,642,963,37,68,22,0
cc528fef-cac8-45f8-8e38-51a586aa1cf5,db95673d-1e1a-458f-ba4e-6eb26cf4d69a,2024-11-04,402,603,16,30,10,2
27dd6ca1-e233-4415-80e8-b394ad72beb2,db95673d-1e1a-458f-ba4e-6eb26cf4d69a,2024-11-11,307,461,12,23,7,1
0b6fde58-180c-4cdb-b203-671ca8c776be,db95673d-1e1a-458f-ba4e-6eb26cf4d69a,2024-11-18,379,569,15,28,9,2
b019eb81-7027-4fb8-ba95-8ba42c276308,db95673d-1e1a-458f-ba4e-6eb26cf4d69a,2024-11-25,289,434,12,21,7,0
b5a9e176-9d1e-4d14-bfd7-d7b69fdc97a9,db95673d-1e1a-458f-ba4e-6eb26cf4d69a,2024-12-02,257,385,10,19,6,1
3dfc17b3-ddfe-42a8-8b98-108e6d51a0fc,db95673d-1e1a-458f-ba4e-6eb26cf4d69a,2024-12-09,288,432,12,21,7,1
c3b42368-13d5-4684-9884-f90a491be82f,db95673d-1e1a-458f-ba4e-6eb26cf4d69a,2024-12-16,242,363,10,18,6,1
249c0222-1069-4cf0-966b-a57e7c72cb0a,db95673d-1e1a-458f-ba4e-6eb26cf4d69a,2024-12-23,231,347,9,17,5,1
677f84c4-750a-4550-8e10-3983646f74bf,db95673d-1e1a-458f-ba4e-6eb26cf4d69a,2024-12-30,211,317,8,16,5,0
9dee5651-8d19-423e-be80-008fb0e83abf,db95673d-1e1a-458f-ba4e-6eb26cf4d69a,2025-01-06,233,350,9,17,5,1
32645fcb-3930-4a2a-9f1a-cbe52b8de842,16221448-4597-49e7-8f57-d03e1669f805,2024-11-04,813,1220,59,107,35,8
291a5dfe-32b3-4915-8733-6674f12ce30f,16221448-4597-49e7-8f57-d03e1669f805,2024-11-11,603,904,44,79,26,6
6c81bd6c-8e8e-4400-865c-ee9040f74f8e,16221448-4597-49e7-8f57-d03e1669f805,2024-11-18,716,1074,52,94,31,7
6419804a-47be-4637-a6ed-8b82f1c77b2d,16221448-4597-49e7-8f57-d03e1669f805,2024-11-25,713,1069,52,94,31,7
de105a6a-7990-40e9-a097-5283769ae985,16221448-4597-49e7-8f57-d03e1669f805,2024-12-02,637,955,46,84,28,7
96652a05-ac58-4b8d-9cc4-f910cc1a485f,16221448-4597-49e7-8f57-d03e1669f805,2024-12-09,552,828,40,72,24,0
9462aa97-2a57-4b14-84ed-0ae9c5deaf56,16221448-4597-49e7-8f57-d03e1669f805,2024-12-16,542,813,39,71,23,0
243b2e78-e9b0-4a05-8148-11b1bb784cd3,16221448-4597-49e7-8f57-d03e1669f805,2024-12-23,476,715,34,62,20,5
8174a458-b0ce-42c3-a5e4-c290238c1957,16221448-4597-49e7-8f57-d03e1669f805,2024-12-30,544,816,39,71,23,0
b43263b3-1ce1-451e-ac16-01b1ff87b91e,16221448-4597-49e7-8f57-d03e1669f805,2025-01-06,506,759,37,66,22,5
e453836c-75f3-4964-accb-b06ac5c5fe7a,5fac8155-dbfb-4de0-82c3-daca29feeb49,2024-11-04,1363,2045,44,79,26,6
2a8d4b57-c7ed-45ed-af8c-1824aeb5a79d,5fac8155-dbfb-4de0-82c3-daca29feeb49,2024-11-11,1536,2305,50,90,30,7
34368b27-661c-4a4b-96ed-94819927b95d,5fac8155-dbfb-4de0-82c3-daca29feeb49,2024-11-18,1730,2596,56,101,33,0
71571e5b-ef0c-4f5b-81e4-73103ee4dd8e,5fac8155-dbfb-4de0-82c3-daca29feeb49,2024-11-25,1339,2009,43,78,26,6
618a664d-9fa1-4754-8d07-b25b6f084139,5fac8155-dbfb-4de0-82c3-daca29feeb49,2024-12-02,1565,2348,50,91,30,7
dbb72bcc-269b-45fe-b4f3-895e1b4c1c5f,5fac8155-dbfb-4de0-82c3-daca29feeb49,2024-12-09,1669,2504,54,97,32,0
80249485-77d4-49d3-8bb3-479cb8a49434,5fac8155-dbfb-4de0-82c3-daca29feeb49,2024-12-16,1764,2647,57,103,34,0
0c55a2cd-6d4a-4410-9f6f-b516641dab90,5fac8155-dbfb-4de0-82c3-daca29feeb49,2024-12-23,1723,2585,56,101,33,8
13d8c1ea-ef72-4a0a-8d55-f227ffd14d5e,5fac8155-dbfb-4de0-82c3-daca29feeb49,2024-12-30,1563,2344,50,91,30,7
9507c821-98e5-409b-927e-1cb1fcaf5e30,5fac8155-dbfb-4de0-82c3-daca29feeb49,2025-01-06,1668,2502,54,97,32,0
fecb74f9-5992-425b-b0ad-8b30c6543315,d5efcd91-04f4-4f05-8958-e05c93f30bc2,2024-11-04,1527,2290,59,106,35,8
7e3de17d-d166-42e7-9545-d4adf7077b99,d5efcd91-04f4-4f05-8958-e05c93f30bc2,2024-11-11,1484,2226,57,103,34,8
524d5200-9e8a-40bf-b41c-5d139f661800,d5efcd91-04f4-4f05-8958-e05c93f30bc2,2024-11-18,1715,2573,66,120,40,10
15a1a3f6-8952-4786-8999-cc927e485495,d5efcd91-04f4-4f05-8958-e05c93f30bc2,2024-11-25,1581,2371,61,110,36,9
34c2fd06-7491-428e-a457-44c3151b1a11,d5efcd91-04f4-4f05-8958-e05c93f30bc2,2024-12-02,1868,2802,72,130,43,0
cce41629-8fff-400f-8c59-9058d6389c0c,d5efcd91-04f4-4f05-8958-e05c93f30bc2,2024-12-09,1837,2756,71,128,42,10
08fb2fc6-e3d9-4087-b3da-da54acea5013,d5efcd91-04f4-4f05-8958-e05c93f30bc2,2024-12-16,1950,2925,75,136,45,11
a9a27f4b-1c10-45d6-ab8b-ab1747f21b41,d5efcd91-04f4-4f05-8958-e05c93f30bc2,2024-12-23,2246,3369,87,157,52,13
cf6f64c3-6d75-4cb9-a222-5896e0e32b6c,d5efcd91-04f4-4f05-8958-e05c93f30bc2,2024-12-30,2091,3137,81,146,48,0
a02324d4-02bd-4fee-af93-b5c8acd5e896,d5efcd91-04f4-4f05-8958-e05c93f30bc2,2025-01-06,2360,3541,91,165,55,0
4a70678d-3ae1-40d5-9512-45ae2ef6bd2b,77db6679-766f-48c1-bd35-091cb42a5e6c,2024-11-04,1401,2102,105,189,63,15
ac979dea-3735-43d0-b2e8-434719bb5ecf,77db6679-766f-48c1-bd35-091cb42a5e6c,2024-11-11,1458,2187,109,197,65,16
4db214df-5f1f-45bc-b962-82e41adb9670,77db6679-766f-48c1-bd35-091cb42a5e6c,2024-11-18,1756,2634,132,237,79,19
de92066d-9f55-40e3-9151-33952d9ac6bb,77db6679-766f-48c1-bd35-091cb42a5e6c,2024-11-25,1865,2798,140,252,84,0
fadef878-33f3-44c0-979c-b470313d2009,77db6679-766f-48c1-bd35-091cb42a5e6c,2024-12-02,1962,2944,147,265,88,0
33053137-2874-48c7-91a9-a53cea7c98f2,77db6679-766f-48c1-bd35-091cb42a5e6c,2024-12-09,2182,3273,164,295,98,24
a69b9793-ace6-4464-998d-7127bc083b58,77db6679-766f-48c1-bd35-091cb42a5e6c,2024-12-16,2399,3599,180,324,108,27
a58d6a72-b080-4d07-a350-216dfb21a406,77db6679-766f-48c1-bd35-091cb42a5e6c,2024-12-23,2201,3302,165,297,99,24
ded67d4b-2683-4565-8d7b-10982c1cc2f3,77db6679-766f-48c1-bd35-091cb42a5e6c,2024-12-30,2811,4217,211,380,126,0
784d8ea4-e549-4eca-ba9e-7482527c246a,77db6679-766f-48c1-bd35-091cb42a5e6c,2025-01-06,2546,3819,191,344,114,28
538a925c-16a6-4105-816f-19613afaf3c9,4024d02c-5c28-43a6-b6ee-8e4c312e8224,2024-11-04,1172,1758,87,158,52,0
41c711b2-1449-4c50-8dd9-ce7fc51b5824,4024d02c-5c28-43a6-b6ee-8e4c312e8224,2024-11-11,1476,2214,110,199,66,16
1a0445c8-6c0a-4465-b082-49b7b5be73b4,4024d02c-5c28-43a6-b6ee-8e4c312e8224,2024-11-18,1517,2275,113,204,68,0
d181de2e-9094-42a8-a45d-3af576a9426e,4024d02c-5c28-43a6-b6ee-8e4c312e8224,2024-11-25,1258,1888,94,169,56,14
bfefe6e3-21db-40a8-983e-30ac89bb1661,4024d02c-5c28-43a6-b6ee-8e4c312e8224,2024-12-02,1530,2296,114,206,68,17
a776fc39-75ec-4b81-b12d-72c5d53267dc,4024d02c-5c28-43a6-b6ee-8e4c312e8224,2024-12-09,1645,2468,123,221,73,18
7bcaae78-1bc3-41b1-aecb-875509659a5d,4024d02c-5c28-43a6-b6ee-8e4c312e8224,2024-12-16,1595,2392,119,215,71,17
24c88f41-3ab3-4441-aad7-80a7fbf67e5b,4024d02c-5c28-43a6-b6ee-8e4c312e8224,2024-12-23,1423,2134,106,191,63,15
4dcd5d0d-b20e-482e-8c19-be4c205a46cd,4024d02c-5c28-43a6-b6ee-8e4c312e8224,2024-12-30,1482,2223,111,199,66,16
c05d01a5-b765-4085-a366-7cfed3dc1466,4024d02c-5c28-43a6-b6ee-8e4c312e8224,2025-01-06,1701,2551,127,229,76,19
123fec0e-67d8-4ebd-bf57-39d6bb7ae194,441f5724-2418-4655-ba29-d09d1a34c32b,2024-11-04,1770,2656,143,258,86,21
84b9b51c-679a-44f6-8a79-8a357dbfe1c0,441f5724-2418-4655-ba29-d09d1a34c32b,2024-11-11,2047,3071,165,298,99,24
65149a99-e6ce-4784-9c88-e279651d6d75,441f5724-2418-4655-ba29-d09d1a34c32b,2024-11-18,1948,2923,157,284,94,0
132ad8eb-4844-44c4-bbeb-7721ced8b336,441f5724-2418-4655-ba29-d09d1a34c32b,2024-11-25,2086,3129,169,304,101,0
b38e7495-be84-41f4-804b-083b49888438,441f5724-2418-4655-ba29-d09d1a34c32b,2024-12-02,2630,3945,213,383,127,31
451c4e11-166f-4431-923b-c7eecba206b5,441f5724-2418-4655-ba29-d09d1a34c32b,2024-12-09,2175,3262,176,317,105,26
f8985c73-900d-477a-8fa0-2f379da988fb,441f5724-2418-4655-ba29-d09d1a34c32b,2024-12-16,2798,4198,226,408,136,34
f2f799c2-a3b8-429b-b8ca-fca09ad5d3f0,441f5724-2418-4655-ba29-d09d1a34c32b,2024-12-23,2749,4124,222,401,133,0
2d78fcc4-1506-4dac-b724-aa862f3dd0d4,441f5724-2418-4655-ba29-d09d1a34c32b,2024-12-30,2888,4332,234,421,140,35
fec97039-5b95-493b-a21a-276aef9961a1,441f5724-2418-4655-ba29-d09d1a34c32b,2025-01-06,3115,4672,252,454,151,37
3aa56283-7e57-45da-85e1-1f31096d1ee6,5ae48bc4-b380-41d9-a346-ee8919814932,2024-11-04,594,891,22,41,13,3
81612e3b-7f28-4f0b-9326-efdeb4491480,5ae48bc4-b380-41d9-a346-ee8919814932,2024-11-11,614,921,23,42,14,3
05bd3a94-e61e-4248-94e6-17d9d1b211b6,5ae48bc4-b380-41d9-a346-ee8919814932,2024-11-18,589,884,22,40,13,3
6456892e-7c6c-4224-98b6-3a6e62d2daae,5ae48bc4-b380-41d9-a346-ee8919814932,2024-11-25,472,708,18,32,10,2
d90a25c9-e462-4346-9e27-d8d0b0bdd6c4,5ae48bc4-b380-41d9-a346-ee8919814932,2024-12-02,460,690,17,31,10,2
9c9a21f8-3b3f-4906-832f-37589224c1f4,5ae48bc4-b380-41d9-a346-ee8919814932,2024-12-09,560,841,21,38,12,3
45b3c47a-65e7-41c3-ac11-39b47badc671,5ae48bc4-b380-41d9-a346-ee8919814932,2024-12-16,473,710,18,32,10,2
24452e92-3594-4ad5-95b3-e9e845178c2c,5ae48bc4-b380-41d9-a346-ee8919814932,2024-12-23,393,590,15,27,9,2
6af8fb5e-c723-4e2e-a72b-bee887f5ddd8,5ae48bc4-b380-41d9-a346-ee8919814932,2024-12-30,375,562,14,26,8,0
80198027-0357-47e3-8574-c95480b4c146,5ae48bc4-b380-41d9-a346-ee8919814932,2025-01-06,371,557,14,25,8,2
b6989310-2ef1-488f-9d33-8ba2afe0ce55,34b60802-ad5c-4b43-be62-077f1101aea4,2024-11-04,1313,1970,99,178,59,14
4afb5d3a-b7ba-4b77-9c74-7963e3c923e9,34b60802-ad5c-4b43-be62-077f1101aea4,2024-11-11,1385,2078,104,188,62,15
e14f918b-ba39-4ace-9550-7dbd5b3e4e3a,34b60802-ad5c-4b43-be62-077f1101aea4,2024-11-18,1413,2120,106,192,64,16
95921660-bfab-4d05-840c-4e272211da3e,34b60802-ad5c-4b43-be62-077f1101aea4,2024-11-25,1388,2082,104,188,62,0
2555e633-1028-430e-8462-312a8aafed02,34b60802-ad5c-4b43-be62-077f1101aea4,2024-12-02,1444,2166,109,196,65,0
e186f0b3-6edf-4bef-902f-f17e5527eb75,34b60802-ad5c-4b43-be62-077f1101aea4,2024-12-09,1464,2196,110,199,66,0
3e40a229-721e-40c8-a4b4-6dfdfc52936e,34b60802-ad5c-4b43-be62-077f1101aea4,2024-12-16,1693,2540,127,230,76,0
cdd0d8e2-2e45-41fd-abc6-5f3058ab571c,34b60802-ad5c-4b43-be62-077f1101aea4,2024-12-23,1653,2480,124,224,74,18
0ccb9d9a-683d-4827-b1ee-ee006142c8db,34b60802-ad5c-4b43-be62-077f1101aea4,2024-12-30,1684,2526,127,228,76,19
431e329a-5524-42a3-a067-6083f3a927fc,34b60802-ad5c-4b43-be62-077f1101aea4,2025-01-06,1388,2083,104,188,62,0
74b232db-9cfc-4d45-9edc-cea468fce56b,9f127e9e-7b99-4630-b32d-e32e0323741d,2024-11-04,727,1090,45,81,27,6
1a48bc17-d325-469b-a97e-693258ebdd19,9f127e9e-7b99-4630-b32d-e32e0323741d,2024-11-11,646,970,40,72,24,6
0dc601a2-f908-4128-b2cc-6414c4343bf2,9f127e9e-7b99-4630-b32d-e32e0323741d,2024-11-18,644,966,40,72,24,6
aafc3c6c-7fde-4fda-84cd-13e81e3c4b93,9f127e9e-7b99-4630-b32d-e32e0323741d,2024-11-25,657,986,41,73,24,6
8873c050-8261-4dc0-b85c-a7b5a0fdd4f7,9f127e9e-7b99-4630-b32d-e32e0323741d,2024-12-02,570,855,35,64,21,5
d5af9f93-c929-47f5-8deb-25240e2707f3,9f127e9e-7b99-4630-b32d-e32e0323741d,2024-12-09,661,992,41,74,24,6
eec38433-58a7-4a9d-99cb-ae3f9022807b,9f127e9e-7b99-4630-b32d-e32e0323741d,2024-12-16,639,958,39,71,23,5
e6882574-0b5c-449a-9c5c-4db528da3470,9f127e9e-7b99-4630-b32d-e32e0323741d,2024-12-23,488,732,30,54,18,4
96c41af4-a0d7-4d5f-adcf-5588e28a6fed,9f127e9e-7b99-4630-b32d-e32e0323741d,2024-12-30,544,816,33,61,20,0
502a3bcd-6b58-4cd8-b6a0-e3e4374e55a3,9f127e9e-7b99-4630-b32d-e32e0323741d,2025-01-06,440,660,27,49,16,0
0ff30d38-18aa-476a-a15a-1d6f7eaedf22,9ce8cccb-498b-4b03-800e-bb35ebce7eb6,2024-11-04,692,1038,26,47,15,3
7623cdda-fa2a-4aaa-b85e-d4fef1af2ff9,9ce8cccb-498b-4b03-800e-bb35ebce7eb6,2024-11-11,792,1188,30,54,18,4
511d9768-476a-4844-b642-e1f6ecf9c805,9ce8cccb-498b-4b03-800e-bb35ebce7eb6,2024-11-18,743,1115,28,51,17,0
fedb3eaa-3a17-443d-996b-0764ba1a2f63,9ce8cccb-498b-4b03-800e-bb35ebce7eb6,2024-11-25,703,1055,27,48,16,4
8b79960a-a8ee-4e24-b33d-44b2cb889ce1,9ce8cccb-498b-4b03-800e-bb35ebce7eb6,2024-12-02,609,914,23,42,14,0
fc075d62-65fa-43fe-88ec-87582199c432,9ce8cccb-498b-4b03-800e-bb35ebce7eb6,2024-12-09,641,962,24,44,14,3
6cc6efbe-9b9c-4690-8813-ff08d6e61c6b,9ce8cccb-498b-4b03-800e-bb35ebce7eb6,2024-12-16,505,758,19,34,11,2
0774ce2d-892a-426c-94fc-ca7aa3777f15,9ce8cccb-498b-4b03-800e-bb35ebce7eb6,2024-12-23,539,809,20,37,12,0
7b58a4cd-0571-4e21-b6c5-1ec49442f2ae,9ce8cccb-498b-4b03-800e-bb35ebce7eb6,2024-12-30,541,812,20,37,12,0
498f4848-5117-4404-9b32-1dee50d45566,9ce8cccb-498b-4b03-800e-bb35ebce7eb6,2025-01-06,425,638,16,29,9,0
d3781892-2a71-4f68-bb6e-2266e68ce3f5,96ba4331-2862-4a3a-bff5-8528e6eaaa28,2024-11-04,2225,3337,122,219,73,18
9178ce54-f8ba-4f38-ae7e-f096e5cdb8cd,96ba4331-2862-4a3a-bff5-8528e6eaaa28,2024-11-11,2597,3896,142,256,85,21
e2d3926a-1fd6-4b70-9e15-c10d3dbf9e6b,96ba4331-2862-4a3a-bff5-8528e6eaaa28,2024-11-18,2885,4327,158,285,95,23
b3849889-c033-4140-aa88-7d0731bf7288,96ba4331-2862-4a3a-bff5-8528e6eaaa28,2024-11-25,2844,4266,156,281,93,23
0ab229bb-a315-4964-bdb9-a98512ccafe1,96ba4331-2862-4a3a-bff5-8528e6eaaa28,2024-12-02,3446,5170,189,340,113,28
c569661f-9996-4caf-be41-7b9fb226b28b,96ba4331-2862-4a3a-bff5-8528e6eaaa28,2024-12-09,2979,4468,163,294,98,24
62477221-3796-4b02-9702-671a447e0ab9,96ba4331-2862-4a3a-bff5-8528e6eaaa28,2024-12-16,3499,5248,192,345,115,0
cea6ca6f-fcc6-48f2-9a68-216976bb6518,96ba4331-2862-4a3a-bff5-8528e6eaaa28,2024-12-23,3629,5444,199,358,119,0
a3387f13-3ae8-4f20-b2c0-52ae3b273d4f,96ba4331-2862-4a3a-bff5-8528e6eaaa28,2024-12-30,4379,6569,240,432,144,36
3a39eddc-a9d8-48b6-b06e-595385dabe91,96ba4331-2862-4a3a-bff5-8528e6eaaa28,2025-01-06,4698,7047,257,464,154,38
5e7fb606-3bde-4cda-9953-a5a3a5bf74f6,29e0527a-02d7-4c76-8bfc-a9ffe4dfc971,2024-11-04,637,955,16,29,9,2
d402738e-f53c-4c29-a493-1ca638d579f1,29e0527a-02d7-4c76-8bfc-a9ffe4dfc971,2024-11-11,512,769,13,23,7,1
81137ab8-bea0-4fea-9516-4bbad71a0db5,29e0527a-02d7-4c76-8bfc-a9ffe4dfc971,2024-11-18,510,766,13,23,7,0
9b4fe92e-6100-472f-9ef5-2549ab022899,29e0527a-02d7-4c76-8bfc-a9ffe4dfc971,2024-11-25,517,776,13,23,7,1
46b6c732-a7d9-4177-80b2-a75c643a1898,29e0527a-02d7-4c76-8bfc-a9ffe4dfc971,2024-12-02,518,778,13,23,7,0
3e2247eb-173b-455d-96f0-65a31a29853d,29e0527a-02d7-4c76-8bfc-a9ffe4dfc971,2024-12-09,421,632,10,19,6,0
dea35bb4-b714-4fe8-b861-455f9ed2195a,29e0527a-02d7-4c76-8bfc-a9ffe4dfc971,2024-12-16,403,605,10,18,6,1
0244a9b9-0c8d-4206-a3e6-abb2d4e7c2e6,29e0527a-02d7-4c76-8bfc-a9ffe4dfc971,2024-12-23,447,671,11,20,6,0
533caf71-c417-406e-9423-40ac552dc027,29e0527a-02d7-4c76-8bfc-a9ffe4dfc971,2024-12-30,378,568,9,17,5,1
b4609d91-394e-42d4-a489-a7964508337f,29e0527a-02d7-4c76-8bfc-a9ffe4dfc971,2025-01-06,326,490,8,15,5,1
36484b71-32d7-4547-a86b-629ed9af60ec,82ed208b-1cca-4e5f-803d-2754558b4cb7,2024-11-04,1698,2547,110,199,66,0
b8e0e8e6-446b-4532-9965-c569a2024d5c,82ed208b-1cca-4e5f-803d-2754558b4cb7,2024-11-11,2012,3018,131,236,78,19
9406477f-3679-4abf-ba23-850b817d811f,82ed208b-1cca-4e5f-803d-2754558b4cb7,2024-11-18,2198,3297,143,258,86,0
a9e66d29-0f58-4f65-ab5d-bd5c6c3aec30,82ed208b-1cca-4e5f-803d-2754558b4cb7,2024-11-25,2046,3069,133,240,80,20
3680e132-4db4-4b04-b68d-03cac43e9ceb,82ed208b-1cca-4e5f-803d-2754558b4cb7,2024-12-02,2559,3839,167,301,100,25
73b79258-456d-40a5-9370-190619480644,82ed208b-1cca-4e5f-803d-2754558b4cb7,2024-12-09,2939,4409,192,345,115,0
20f8467a-8045-4711-8e72-5a0e56b8f904,82ed208b-1cca-4e5f-803d-2754558b4cb7,2024-12-16,2751,4127,179,323,107,26
0fa18060-7fbd-47dd-8457-907251209e55,82ed208b-1cca-4e5f-803d-2754558b4cb7,2024-12-23,3213,4819,209,377,125,31
64d88152-7b2d-4b8e-89d2-7c9c8bc04305,82ed208b-1cca-4e5f-803d-2754558b4cb7,2024-12-30,3682,5523,240,433,144,0
30d0b737-5c15-45d1-90fd-d9ada1b6726b,82ed208b-1cca-4e5f-803d-2754558b4cb7,2025-01-06,3440,5160,224,404,134,33
1b9a4ad4-25d6-4b01-827b-66e8ed95dcf1,1302182e-13c4-4fdd-be4f-8d17a5fe4a04,2024-11-04,687,1031,35,63,21,0
71996450-2b80-431a-863f-95606f05c588,1302182e-13c4-4fdd-be4f-8d17a5fe4a04,2024-11-11,644,966,33,59,19,0
5fa30157-d84d-4e63-b76b-cc48a4109709,1302182e-13c4-4fdd-be4f-8d17a5fe4a04,2024-11-18,651,977,33,60,20,5
7cfa55cf-64a5-4f58-84fc-67e36e110aaf,1302182e-13c4-4fdd-be4f-8d17a5fe4a04,2024-11-25,643,965,33,59,19,4
e8080677-3c6f-467e-8772-31f2f270538c,1302182e-13c4-4fdd-be4f-8d17a5fe4a04,2024-12-02,694,1041,35,64,21,5
1bb83f88-1b74-40dd-8240-e79d67ffeeb8,1302182e-13c4-4fdd-be4f-8d17a5fe4a04,2024-12-09,652,979,33,60,20,5
0377eab5-76de-4d2f-9574-505d16ca8061,1302182e-13c4-4fdd-be4f-8d17a5fe4a04,2024-12-16,544,816,27,50,16,0
b941e69e-5f37-4bf3-84b0-610b077257fe,1302182e-13c4-4fdd-be4f-8d17a5fe4a04,2024-12-23,573,860,29,53,17,4
cde5312b-0089-4907-8895-c926fe9780c4,1302182e-13c4-4fdd-be4f-8d17a5fe4a04,2024-12-30,552,829,28,51,17,4
81b021ad-aee4-4980-b828-21df6efa0285,1302182e-13c4-4fdd-be4f-8d17a5fe4a04,2025-01-06,545,818,28,50,16,4
a2ea545b-0b57-4edc-a7ce-d9f3e1914baf,717110fa-5458-408d-8d59-12b3e9e19fd6,2024-11-04,489,733,27,48,16,0
9ed86b7c-1e68-4d54-bf67-c879ad3c8632,717110fa-5458-408d-8d59-12b3e9e19fd6,2024-11-11,376,565,20,37,12,3
ca67e57f-f912-408d-b34b-9c23b3b89f49,717110fa-5458-408d-8d59-12b3e9e19fd6,2024-11-18,421,632,23,42,14,0
6ffa98ab-0c31-4fdc-8593-8a48baf6cea8,717110fa-5458-408d-8d59-12b3e9e19fd6,2024-11-25,362,543,20,36,12,3
7ad6e976-361a-4c78-9a0e-84648bb3ace7,717110fa-5458-408d-8d59-12b3e9e19fd6,2024-12-02,323,485,18,32,10,0
e5d99d84-2b5f-41b7-bd51-5917c94f8576,717110fa-5458-408d-8d59-12b3e9e19fd6,2024-12-09,282,423,15,28,9,2
2703de4c-65b1-4b54-aca8-445ef62cdecc,717110fa-5458-408d-8d59-12b3e9e19fd6,2024-12-16,262,393,14,26,8,0
2a9fde1c-617d-4db3-8703-f0136c38c940,717110fa-5458-408d-8d59-12b3e9e19fd6,2024-12-23,255,383,14,25,8,2
e73a939b-7cac-4461-98e1-680f13c2a864,717110fa-5458-408d-8d59-12b3e9e19fd6,2024-12-30,235,353,13,23,7,1
73d2fffb-26e5-47f8-8c16-6416efe2d1cc,717110fa-5458-408d-8d59-12b3e9e19fd6,2025-01-06,218,327,12,21,7,1
08c24141-c187-4249-91e0-66f4b51ead97,17f18a2c-cf71-4d33-b280-721a33376dca,2024-11-04,1283,1924,103,186,62,15
b85c051c-d080-4962-998e-0e1eabd057fd,17f18a2c-cf71-4d33-b280-721a33376dca,2024-11-11,1020,1530,82,148,49,12
1b076305-c7b3-4832-af8b-7972a7b902a2,17f18a2c-cf71-4d33-b280-721a33376dca,2024-11-18,1268,1902,102,184,61,15
76981020-0c19-418c-bd4d-84a77ebf8d9e,17f18a2c-cf71-4d33-b280-721a33376dca,2024-11-25,1033,1550,83,150,50,12
0010f1ca-6139-403e-9d99-e95845a941c3,17f18a2c-cf71-4d33-b280-721a33376dca,2024-12-02,1067,1601,86,154,51,0
0bb65f4a-5600-422d-a03d-1365d59e9a68,17f18a2c-cf71-4d33-b280-721a33376dca,2024-12-09,1120,1680,90,162,54,13
0da0cb44-0d4f-452c-a18e-92caf1282af4,17f18a2c-cf71-4d33-b280-721a33376dca,2024-12-16,1123,1685,90,163,54,13
3b11e847-998c-4b2b-8989-05edee6b2ccc,17f18a2c-cf71-4d33-b280-721a33376dca,2024-12-23,1162,1744,93,168,56,14
9790a8a5-2059-4396-8fe8-d1464ac05108,17f18a2c-cf71-4d33-b280-721a33376dca,2024-12-30,1272,1908,102,184,61,15
3e85d881-c70a-44a2-a35c-1dd5bff448ee,17f18a2c-cf71-4d33-b280-721a33376dca,2025-01-06,1095,1642,88,158,52,0
607c3231-afa2-465a-bdc4-092e2416c472,577d211a-1ad3-47a7-969c-f356467a0738,2024-11-04,1742,2613,79,143,47,11
3f8ecfa1-cdca-44a0-b475-3924a01463db,577d211a-1ad3-47a7-969c-f356467a0738,2024-11-11,1843,2765,84,152,50,0
11d42c2e-e212-4b93-8537-9ca1a79de705,577d211a-1ad3-47a7-969c-f356467a0738,2024-11-18,1559,2339,71,128,42,10
97527b89-3f30-4bcf-8f96-a6d4e6d515d3,577d211a-1ad3-47a7-969c-f356467a0738,2024-11-25,1562,2343,71,128,42,10
41f961be-e033-42df-84b7-b74d2d619172,577d211a-1ad3-47a7-969c-f356467a0738,2024-12-02,1820,2731,83,150,50,12
a41a13ef-6b8a-4aff-a866-0d8031687f13,577d211a-1ad3-47a7-969c-f356467a0738,2024-12-09,1919,2879,87,158,52,13
9d6b6be5-eb2d-4b25-baec-29e2953ba04d,577d211a-1ad3-47a7-969c-f356467a0738,2024-12-16,1796,2695,82,148,49,12
045f1100-41d3-4a69-ad7d-d7f9905f0294,577d211a-1ad3-47a7-969c-f356467a0738,2024-12-23,1717,2576,78,141,47,0
e5ffbcd7-3c8f-4099-aa4e-d5bfffe36797,577d211a-1ad3-47a7-969c-f356467a0738,2024-12-30,1837,2755,84,151,50,12
3674d509-5bd0-48dd-9b81-7f754e0b0a7f,577d211a-1ad3-47a7-969c-f356467a0738,2025-01-06,2098,3147,96,173,57,14
c623e47c-3d5c-4eeb-996e-108c375a9e4a,98e37f24-40aa-4948-8e8e-073e92aaa50d,2024-11-04,1544,2317,135,243,81,20
75ebe541-3850-40d2-bfcd-7eb561a7877a,98e37f24-40aa-4948-8e8e-073e92aaa50d,2024-11-11,1721,2581,150,271,90,0
49e328d4-d7f8-47ed-9659-dfc1b5736fcf,98e37f24-40aa-4948-8e8e-073e92aaa50d,2024-11-18,1950,2926,171,307,102,25
b1750b33-bce8-44c1-9b37-b054f0e78128,98e37f24-40aa-4948-8e8e-073e92aaa50d,2024-11-25,1660,2491,145,262,87,21
9c658703-1b1a-47cb-b6bc-1431f5b5c439,98e37f24-40aa-4948-8e8e-073e92aaa50d,2024-12-02,1615,2423,141,255,85,21
f02840a1-1d94-4c0a-9db3-2a69792dabd1,98e37f24-40aa-4948-8e8e-073e92aaa50d,2024-12-09,2055,3083,180,324,108,27
2dc61f5b-62d0-4973-9146-355b82cdcb84,98e37f24-40aa-4948-8e8e-073e92aaa50d,2024-12-16,1910,2865,167,301,100,25
51cbe331-4eae-461f-b3b2-b628173fa7b8,98e37f24-40aa-4948-8e8e-073e92aaa50d,2024-12-23,2102,3154,184,331,110,27
08dcfb3d-b8b1-4464-b665-fe0a4a108654,98e37f24-40aa-4948-8e8e-073e92aaa50d,2024-12-30,1915,2872,167,302,100,25
27922735-e9fa-47cb-b899-e54387100d57,98e37f24-40aa-4948-8e8e-073e92aaa50d,2025-01-06,2238,3357,196,353,117,0
ac67bb9e-1f82-47bf-8507-d0e2ab0cb2e2,ee0b8a22-03cf-4954-85dd-ef9608d53a07,2024-11-04,1213,1819,89,161,53,0
ce84cf12-8c53-4240-805e-449b3caaf70b,ee0b8a22-03cf-4954-85dd-ef9608d53a07,2024-11-11,1417,2126,104,188,62,15
3a931999-4f84-4d10-a1c7-3696d0946ffc,ee0b8a22-03cf-4954-85dd-ef9608d53a07,2024-11-18,1423,2135,105,189,63,15
f902292e-be33-452a-9c73-07984cf0c9ad,ee0b8a22-03cf-4954-85dd-ef9608d53a07,2024-11-25,1377,2066,101,183,61,15
5662e3dd-363e-473a-85c7-f1e5605ec472,ee0b8a22-03cf-4954-85dd-ef9608d53a07,2024-12-02,1354,2032,100,180,60,15
ef4052bc-cbb4-4316-8493-cb000e907463,ee0b8a22-03cf-4954-85dd-ef9608d53a07,2024-12-09,1541,2312,113,204,68,17
7e35c1cb-4461-4c97-a127-dbaec14fb3d2,ee0b8a22-03cf-4954-85dd-ef9608d53a07,2024-12-16,1309,1963,96,173,57,14
f3acac11-dcd3-4738-81e1-a9a153e93cf1,ee0b8a22-03cf-4954-85dd-ef9608d53a07,2024-12-23,1429,2144,105,190,63,15
d979ae8c-a86d-4f85-bb7e-a5cfb19cfd93,ee0b8a22-03cf-4954-85dd-ef9608d53a07,2024-12-30,1680,2521,124,223,74,18
cef68e57-c66b-45f2-a38b-f49c23ac0148,ee0b8a22-03cf-4954-85dd-ef9608d53a07,2025-01-06,1507,2261,111,200,66,0
47a21259-66e7-4d43-b8f0-efa6af4cb754,0bf8659e-fc14-406d-9e91-30f304295e3f,2024-11-04,1646,2469,112,202,67,16
bacc54b7-54b5-4af6-8ce6-2e3b88fea97d,0bf8659e-fc14-406d-9e91-30f304295e3f,2024-11-11,1645,2468,112,202,67,16
72773d30-fa66-4b03-a59e-af7499040ac5,0bf8659e-fc14-406d-9e91-30f304295e3f,2024-11-18,1686,2529,115,207,69,17
71e39c84-2c34-4417-b55b-77435c98de89,0bf8659e-fc14-406d-9e91-30f304295e3f,2024-11-25,1571,2357,107,193,64,0
4990d420-f87e-4999-bc46-7923049dbf53,0bf8659e-fc14-406d-9e91-30f304295e3f,2024-12-02,1884,2826,128,231,77,19
5ed0dfaa-8801-4fd4-a88f-2fedc348260d,0bf8659e-fc14-406d-9e91-30f304295e3f,2024-12-09,2117,3176,144,260,86,21
78ef6f02-a4b0-455e-b63f-6df87fd78640,0bf8659e-fc14-406d-9e91-30f304295e3f,2024-12-16,1861,2792,127,228,76,19
2499953a-b722-4c8a-b9a4-5e7e3fe5d40b,0bf8659e-fc14-406d-9e91-30f304295e3f,2024-12-23,1765,2648,120,217,72,18
778b71a7-e19e-4a2b-a974-9857f5c76c90,0bf8659e-fc14-406d-9e91-30f304295e3f,2024-12-30,2044,3066,139,251,83,0
0d28340e-dda4-4e76-9064-10f3371127ce,0bf8659e-fc14-406d-9e91-30f304295e3f,2025-01-06,2257,3386,154,277,92,23
b860abd5-ad2f-4828-8e58-6f08a83a6f8c,0f6e0eb2-eb1a-4904-8c85-65ead0a07f90,2024-11-04,1632,2448,93,168,56,14
53751dac-6c8d-4dfd-81fe-249a52553128,0f6e0eb2-eb1a-4904-8c85-65ead0a07f90,2024-11-11,1461,2191,83,150,50,0
c0dde035-d90d-48f4-81ed-29fe9fda7e78,0f6e0eb2-eb1a-4904-8c85-65ead0a07f90,2024-11-18,1557,2336,89,160,53,0
c402ca55-da75-4ee4-ba59-a2839c153652,0f6e0eb2-eb1a-4904-8c85-65ead0a07f90,2024-11-25,1598,2397,91,164,54,13
351a93b2-dbc9-49cc-89b9-75737005978d,0f6e0eb2-eb1a-4904-8c85-65ead0a07f90,2024-12-02,1726,2590,99,178,59,14
6126d237-53db-4609-8097-232edff2a67d,0f6e0eb2-eb1a-4904-8c85-65ead0a07f90,2024-12-09,1718,2577,98,177,59,14
678deb83-f224-435d-8ea6-f2c9d42ca030,0f6e0eb2-eb1a-4904-8c85-65ead0a07f90,2024-12-16,1983,2974,113,204,68,17
55f7a878-f453-471c-8fd7-ffc7cfae2a51,0f6e0eb2-eb1a-4904-8c85-65ead0a07f90,2024-12-23,1622,2434,93,167,55,0
e43e045c-cc88-4939-914d-fa3638e60962,0f6e0eb2-eb1a-4904-8c85-65ead0a07f90,2024-12-30,1721,2581,98,177,59,0
8355d875-4843-49a7-9b78-003414efb43d,0f6e0eb2-eb1a-4904-8c85-65ead0a07f90,2025-01-06,2069,3104,118,213,71,17
b731370f-b91d-4419-9c4b-e4823c70a008,976ea37d-8af8-4210-8b47-fc09b6a346ff,2024-11-04,812,1218,27,49,16,4
6e016c71-f9c6-49f0-9c80-1d8d1d957a88,976ea37d-8af8-4210-8b47-fc09b6a346ff,2024-11-11,895,1343,30,54,18,4
f41b4677-607d-4edf-9d62-320d479ad34b,976ea37d-8af8-4210-8b47-fc09b6a346ff,2024-11-18,841,1262,28,50,16,4
a1cec712-80ef-4416-9c9d-c2f6a8f4f109,976ea37d-8af8-4210-8b47-fc09b6a346ff,2024-11-25,905,1357,30,54,18,4
4232a34c-884c-4041-af67-24d25ed45a18,976ea37d-8af8-4210-8b47-fc09b6a346ff,2024-12-02,754,1131,25,45,15,3
cb66ce5d-42f7-4834-89d1-7690df560cf3,976ea37d-8af8-4210-8b47-fc09b6a346ff,2024-12-09,897,1346,30,54,18,0
18f4c6f6-f6f2-415b-8dc9-6198b352a4ac,976ea37d-8af8-4210-8b47-fc09b6a346ff,2024-12-16,697,1046,23,42,14,0
df42dd93-87be-41da-b840-25e1e98b5162,976ea37d-8af8-4210-8b47-fc09b6a346ff,2024-12-23,747,1121,25,45,15,3
a5c78d2b-7018-4104-b892-88c9c598bba5,976ea37d-8af8-4210-8b47-fc09b6a346ff,2024-12-30,800,1201,26,48,16,4
437b074c-ae4b-46af-951f-2256eec51b63,976ea37d-8af8-4210-8b47-fc09b6a346ff,2025-01-06,771,1157,25,46,15,3
d19711d7-6efd-4574-8a28-0af359361bf7,22adaa59-64a3-4cc2-b3f8-f4a83496ff12,2024-11-04,1082,1623,37,67,22,5
71d8b837-2368-40ea-ac6b-efb762606503,22adaa59-64a3-4cc2-b3f8-f4a83496ff12,2024-11-11,1048,1572,36,65,21,5
1ea844ca-8160-4f0b-96eb-9a916328a7c5,22adaa59-64a3-4cc2-b3f8-f4a83496ff12,2024-11-18,1081,1621,37,67,22,5
7e6d6217-8f29-4e53-9a92-0613242b7e8c,22adaa59-64a3-4cc2-b3f8-f4a83496ff12,2024-11-25,889,1334,30,55,18,4
bad9f8c6-357b-464c-a2ac-828f7544c716,22adaa59-64a3-4cc2-b3f8-f4a83496ff12,2024-12-02,1007,1511,34,62,20,5
8f132a8a-b3d1-484f-aad6-72264b144b5f,22adaa59-64a3-4cc2-b3f8-f4a83496ff12,2024-12-09,842,1264,29,52,17,4
16401d2a-127e-43ed-95d9-019b77c7661e,22adaa59-64a3-4cc2-b3f8-f4a83496ff12,2024-12-16,759,1139,26,47,15,0
2bcddd39-e93b-4929-a52b-795729f443c6,22adaa59-64a3-4cc2-b3f8-f4a83496ff12,2024-12-23,948,1423,32,59,19,0
5c598661-b8a5-46cf-8263-46981537b441,22adaa59-64a3-4cc2-b3f8-f4a83496ff12,2024-12-30,919,1379,31,57,19,0
a7a9ab0c-2427-4409-8193-6b449bc717a4,22adaa59-64a3-4cc2-b3f8-f4a83496ff12,2025-01-06,878,1317,30,54,18,0
8c4ccc42-610a-4b98-bf0b-f953a386e008,b17098f7-b6cf-4530-8699-0166dddd5fe5,2024-11-04,1556,2334,96,173,57,14
3058945c-efa8-4ab4-8c1b-ef4de63359b9,b17098f7-b6cf-4530-8699-0166dddd5fe5,2024-11-11,1412,2118,87,157,52,13
228d8540-3c26-4c04-afaa-32598df0b406,b17098f7-b6cf-4530-8699-0166dddd5fe5,2024-11-18,1611,2416,99,179,59,14
d85aa4b4-e8e3-4aba-bf48-0e13d78de892,b17098f7-b6cf-4530-8699-0166dddd5fe5,2024-11-25,1666,2499,103,185,61,15
4fe184f9-d100-4c44-b82c-4b18236ea210,b17098f7-b6cf-4530-8699-0166dddd5fe5,2024-12-02,1584,2376,98,176,58,14
96c4e589-bf2b-4918-9447-1d730479ea87,b17098f7-b6cf-4530-8699-0166dddd5fe5,2024-12-09,1453,2179,90,162,54,13
a111d750-ac55-41ed-829f-21eb4140b96f,b17098f7-b6cf-4530-8699-0166dddd5fe5,2024-12-16,1556,2334,96,173,57,14
3caa8899-c660-449a-b373-933e556c3e9c,b17098f7-b6cf-4530-8699-0166dddd5fe5,2024-12-23,1937,2906,120,216,72,18
eed723c3-0814-4c87-9270-ab9e6365362b,b17098f7-b6cf-4530-8699-0166dddd5fe5,2024-12-30,1964,2947,121,219,73,18
1891027a-11a0-4e19-b148-aec13a56b2f9,b17098f7-b6cf-4530-8699-0166dddd5fe5,2025-01-06,1606,2410,99,179,59,14
6193577d-7fbf-45cb-abcd-c216dd356904,d6218bb6-af68-48d4-ba7b-85458b16e936,2024-11-04,2080,3120,96,173,57,0
d1bbae54-3e1b-418e-b4a8-c334f66a4afb,d6218bb6-af68-48d4-ba7b-85458b16e936,2024-11-11,2245,3367,104,187,62,0
5f9a2173-c9e3-43f9-9a4b-fc2c0ab96e02,d6218bb6-af68-48d4-ba7b-85458b16e936,2024-11-18,2322,3483,107,194,64,16
66622d73-91db-44f6-af2e-ac22a9a57056,d6218bb6-af68-48d4-ba7b-85458b16e936,2024-11-25,2542,3814,118,212,70,17
f0e559eb-5b62-4b64-aa87-5764a4e9d68e,d6218bb6-af68-48d4-ba7b-85458b16e936,2024-12-02,2537,3805,117,212,70,17
9cca6043-be20-4e94-b93c-b3364787cb23,d6218bb6-af68-48d4-ba7b-85458b16e936,2024-12-09,2557,3835,118,213,71,17
7ca109f7-1596-42d8-830b-4fa90836394a,d6218bb6-af68-48d4-ba7b-85458b16e936,2024-12-16,2923,4385,135,244,81,20
65b0b96a-c225-496f-b1bc-e27950d5f185,d6218bb6-af68-48d4-ba7b-85458b16e936,2024-12-23,3567,5351,165,298,99,0
2df99cdd-1f89-4498-98c2-1b82c12a120b,d6218bb6-af68-48d4-ba7b-85458b16e936,2024-12-30,3473,5209,161,290,96,0
91bd6266-d076-4dd3-99bd-953ac9ed2bd9,d6218bb6-af68-48d4-ba7b-85458b16e936,2025-01-06,4220,6330,195,352,117,29
b73a4110-d088-4523-ba52-5f41ae9fe878,5c762e17-4c96-4682-b7bb-0b5a5c210b5a,2024-11-04,1342,2014,68,124,41,10
aa1bc405-606b-4a2f-bbee-43a4e3dc4137,5c762e17-4c96-4682-b7bb-0b5a5c210b5a,2024-11-11,1693,2540,86,156,52,13
f80c52cd-47f5-40d1-a692-3fda0d658e5f,5c762e17-4c96-4682-b7bb-0b5a5c210b5a,2024-11-18,1567,2351,80,144,48,12
d8a4a27c-4e77-4165-b3e5-4a90a525e68c,5c762e17-4c96-4682-b7bb-0b5a5c210b5a,2024-11-25,1524,2286,78,140,46,0
19fd9aac-f607-41d3-b614-53edfd977c7d,5c762e17-4c96-4682-b7bb-0b5a5c210b5a,2024-12-02,1613,2420,82,149,49,0
2a1491b2-8aa7-4732-964d-0053da762b88,5c762e17-4c96-4682-b7bb-0b5a5c210b5a,2024-12-09,1567,2351,80,144,48,0
4cf680fb-de61-4929-9b0c-d39d4e18b246,5c762e17-4c96-4682-b7bb-0b5a5c210b5a,2024-12-16,1494,2241,76,138,46,11
317d97d3-95be-4163-88b9-4ca0e8b750c6,5c762e17-4c96-4682-b7bb-0b5a5c210b5a,2024-12-23,1532,2298,78,141,47,11
b574f7fa-340a-49a0-b716-d1c23a181472,5c762e17-4c96-4682-b7bb-0b5a5c210b5a,2024-12-30,1647,2471,84,152,50,12
50033408-3504-48b9-9ce0-f7fbd3d66df7,5c762e17-4c96-4682-b7bb-0b5a5c210b5a,2025-01-06,1544,2316,79,142,47,11
890f437f-47f3-4f3c-a78f-ba84a0d56723,5b4b6950-6824-492e-8244-6bd6971d0b95,2024-11-04,694,1041,34,62,20,5
2d2bf355-738d-4f6f-93f6-98ca3a2fc858,5b4b6950-6824-492e-8244-6bd6971d0b95,2024-11-11,543,814,27,48,16,4
bcbf383e-2afb-4020-8546-570af0f944ea,5b4b6950-6824-492e-8244-6bd6971d0b95,2024-11-18,575,863,28,51,17,0
87b38f56-a598-4ec5-87e0-4e9046609e9d,5b4b6950-6824-492e-8244-6bd6971d0b95,2024-11-25,637,956,31,57,19,0
a48c9d08-791b-4b4a-80f9-e80db8ab71d8,5b4b6950-6824-492e-8244-6bd6971d0b95,2024-12-02,566,850,28,51,17,0
7c71635a-87cd-4428-9716-430a25b35456,5b4b6950-6824-492e-8244-6bd6971d0b95,2024-12-09,536,804,26,48,16,0
a16d1ee5-1106-466e-b87e-c5df66115cd0,5b4b6950-6824-492e-8244-6bd6971d0b95,2024-12-16,555,832,27,49,16,0
eb2e3b29-fb2e-40fc-8eb7-daa2639323bf,5b4b6950-6824-492e-8244-6bd6971d0b95,2024-12-23,491,737,24,44,14,0
e048958b-b1f8-46c0-9521-d16650cdd264,5b4b6950-6824-492e-8244-6bd6971d0b95,2024-12-30,432,648,21,38,12,3
8b5b9378-dfaa-4170-a3de-c49abb15b0d1,5b4b6950-6824-492e-8244-6bd6971d0b95,2025-01-06,387,580,19,34,11,2
ffa56492-b3dd-4188-b018-52437b5a7231,47d01048-2d22-4b7e-a06e-3be00ce70252,2024-11-04,966,1449,88,159,53,13
347ea835-49b9-4edb-9c87-fa62479c1d6d,47d01048-2d22-4b7e-a06e-3be00ce70252,2024-11-11,1146,1719,104,188,62,0
719e4c3d-e0ca-402f-8328-c49d7eaf2fb6,47d01048-2d22-4b7e-a06e-3be00ce70252,2024-11-18,1103,1655,100,181,60,0
e3cce623-185c-497d-aafa-71d1c1a82ea7,47d01048-2d22-4b7e-a06e-3be00ce70252,2024-11-25,1049,1574,95,172,57,14
41773731-8be8-4960-af93-e55e42c491f2,47d01048-2d22-4b7e-a06e-3be00ce70252,2024-12-02,1003,1505,91,165,55,13
5fe47f01-b508-45bc-8f32-5a4b4dd91dd2,47d01048-2d22-4b7e-a06e-3be00ce70252,2024-12-09,1326,1989,121,218,72,18
47575355-ca48-4911-b56a-e8ab5c17fb5a,47d01048-2d22-4b7e-a06e-3be00ce70252,2024-12-16,1217,1825,111,200,66,0
f973bcfe-26c5-49f8-b826-8a9ee2602ced,47d01048-2d22-4b7e-a06e-3be00ce70252,2024-12-23,1117,1675,102,183,61,15
68727584-45f2-44b5-aeb2-c952eee38d9d,47d01048-2d22-4b7e-a06e-3be00ce70252,2024-12-30,1410,2116,128,232,77,0
69edfcaf-5534-4192-8f36-8991e69488d3,47d01048-2d22-4b7e-a06e-3be00ce70252,2025-01-06,1281,1922,117,210,70,17
07dd6a46-d2c2-43ef-9be7-f62b09e09088,0541f235-d150-4afd-9ad8-a478c45da6fa,2024-11-04,981,1471,79,143,47,0
7549d9d1-c8a7-4dff-b5ca-8d5b5867e12d,0541f235-d150-4afd-9ad8-a478c45da6fa,2024-11-11,1082,1623,87,158,52,0
6c55ce8b-a893-4399-9776-1e27a6bf004d,0541f235-d150-4afd-9ad8-a478c45da6fa,2024-11-18,984,1476,79,143,47,0
f4b5a0ea-4f89-4143-840e-448f61200a54,0541f235-d150-4afd-9ad8-a478c45da6fa,2024-11-25,1054,1581,85,153,51,12
0b003f36-fd1a-498b-821c-6aabe01eb0f0,0541f235-d150-4afd-9ad8-a478c45da6fa,2024-12-02,1112,1669,90,162,54,13
88320b66-5b7e-42c3-820f-959393401790,0541f235-d150-4afd-9ad8-a478c45da6fa,2024-12-09,965,1448,78,141,47,11
e3537151-5fd6-49dc-a628-7fb5591eef0f,0541f235-d150-4afd-9ad8-a478c45da6fa,2024-12-16,1177,1766,95,172,57,14
cb7ebdb9-d5b2-42c4-ac70-c9176f1a73a6,0541f235-d150-4afd-9ad8-a478c45da6fa,2024-12-23,1010,1515,81,147,49,0
4b12944e-4b65-4bc8-8309-3f44179752d7,0541f235-d150-4afd-9ad8-a478c45da6fa,2024-12-30,1283,1925,104,187,62,15
75e1ea41-15e9-4d9b-9dca-215dd9d916e5,0541f235-d150-4afd-9ad8-a478c45da6fa,2025-01-06,1190,1786,96,173,57,14
f2b8dcf5-9081-470e-8e3a-a4de09a02c14,04fe2275-c185-47b2-bbc9-89e674f1a9e4,2024-11-04,894,1342,39,71,23,0
d2f0775b-3fe0-4739-8c8c-8edaccf6934a,04fe2275-c185-47b2-bbc9-89e674f1a9e4,2024-11-11,854,1282,37,68,22,5
c344e971-f6ff-40bd-8284-574378cb2c18,04fe2275-c185-47b2-bbc9-89e674f1a9e4,2024-11-18,750,1126,33,59,19,4
0a34b98b-2b27-48ae-9d46-71d819498d27,04fe2275-c185-47b2-bbc9-89e674f1a9e4,2024-11-25,666,999,29,53,17,4
328e50e8-f297-44e7-a10d-210c30b2600e,04fe2275-c185-47b2-bbc9-89e674f1a9e4,2024-12-02,835,1253,37,66,22,0
07646f44-4e6f-47e3-b727-39c74854511d,04fe2275-c185-47b2-bbc9-89e674f1a9e4,2024-12-09,749,1124,33,59,19,0
03398431-b9d0-4e0a-8e28-6788477b2ef7,04fe2275-c185-47b2-bbc9-89e674f1a9e4,2024-12-16,679,1019,30,54,18,4
01cb9733-bc44-45a5-9a69-8c5531b52d56,04fe2275-c185-47b2-bbc9-89e674f1a9e4,2024-12-23,737,1106,32,58,19,4
4aaa3800-eae6-4b93-921c-31dc6a1a7451,04fe2275-c185-47b2-bbc9-89e674f1a9e4,2024-12-30,606,909,26,48,16,4
29efc661-8151-4275-bc6e-e31f1b1a3634,04fe2275-c185-47b2-bbc9-89e674f1a9e4,2025-01-06,586,880,25,46,15,3
cd89f4f9-e119-4939-b1e6-a9937f541cfd,1c1a17a8-0b5d-43f7-b755-63e09120f72c,2024-11-04,561,842,53,96,32,8
c942b900-ce67-4d5f-9d63-0fdf88f583af,1c1a17a8-0b5d-43f7-b755-63e09120f72c,2024-11-11,629,944,60,108,36,9
00f42863-87c9-4c84-b64a-21d7474d7c7a,1c1a17a8-0b5d-43f7-b755-63e09120f72c,2024-11-18,742,1114,71,128,42,10
452a1a40-3fd1-4a0e-94fb-e433d2255284,1c1a17a8-0b5d-43f7-b755-63e09120f72c,2024-11-25,691,1037,66,119,39,0
beba5850-eca0-486d-af39-e7b12f1574f5,1c1a17a8-0b5d-43f7-b755-63e09120f72c,2024-12-02,684,1027,65,118,39,9
ab2e5a2d-06aa-485e-8ae4-d7ea06445476,1c1a17a8-0b5d-43f7-b755-63e09120f72c,2024-12-09,609,914,58,105,35,8
454723e4-6839-449b-b38b-80a0aec871f1,1c1a17a8-0b5d-43f7-b755-63e09120f72c,2024-12-16,604,906,57,104,34,0
50e9d8ee-da11-4b13-b23b-4f1e873888d3,1c1a17a8-0b5d-43f7-b755-63e09120f72c,2024-12-23,807,1210,77,139,46,11
432169af-82f8-4257-a17c-319d82cbbfe8,1c1a17a8-0b5d-43f7-b755-63e09120f72c,2024-12-30,702,1054,67,121,40,0
07eb6bf4-c3a3-4a1e-a6fc-41c0ad174f3b,1c1a17a8-0b5d-43f7-b755-63e09120f72c,2025-01-06,780,1171,74,134,44,11
224465e5-be9c-49e0-aae0-396e00a23a40,b8524585-4c69-4f46-bfe2-60dda7ced2ed,2024-11-04,694,1042,38,69,23,5
d894bffe-ecf7-4951-9b6e-9ec56f58e3ad,b8524585-4c69-4f46-bfe2-60dda7ced2ed,2024-11-11,556,835,30,55,18,0
ec22dde2-1303-404b-91c5-404103da0bc3,b8524585-4c69-4f46-bfe2-60dda7ced2ed,2024-11-18,506,759,28,50,16,4
bc09ecfe-9462-4ef0-a441-b423b15f58da,b8524585-4c69-4f46-bfe2-60dda7ced2ed,2024-11-25,616,925,34,61,20,0
acfafaa0-ea62-4a63-839b-c941412adb9d,b8524585-4c69-4f46-bfe2-60dda7ced2ed,2024-12-02,477,715,26,47,15,3
b7c64c32-b21f-450b-acfa-667445992fa5,b8524585-4c69-4f46-bfe2-60dda7ced2ed,2024-12-09,506,759,28,50,16,4
3754cf08-345e-4e44-bf4d-57ee63ff9257,b8524585-4c69-4f46-bfe2-60dda7ced2ed,2024-12-16,456,684,25,45,15,3
bf83b7bb-4ab5-497f-909b-46a5bdf34899,b8524585-4c69-4f46-bfe2-60dda7ced2ed,2024-12-23,400,600,22,39,13,3
9d8162e7-792c-41c2-a328-11791789d928,b8524585-4c69-4f46-bfe2-60dda7ced2ed,2024-12-30,350,525,19,34,11,0
2318e903-5a87-408f-aa88-63949f080b72,b8524585-4c69-4f46-bfe2-60dda7ced2ed,2025-01-06,399,599,22,39,13,0
a809495e-a441-4a25-ac9d-ac8b25228305,f3d68d94-637c-4a8c-801e-d1192fc4756c,2024-11-04,1366,2049,92,166,55,13
e853e6d3-f830-40ea-ab8a-5b35eddf49bf,f3d68d94-637c-4a8c-801e-d1192fc4756c,2024-11-11,1155,1733,78,140,46,0
b4c1c9e0-8cd7-46c8-b6c0-9508e098ee91,f3d68d94-637c-4a8c-801e-d1192fc4756c,2024-11-18,1122,1683,75,136,45,0
c31ff2c8-c53d-4be9-9b2d-8fd12ff87f1e,f3d68d94-637c-4a8c-801e-d1192fc4756c,2024-11-25,1237,1856,83,150,50,12
f0eaf50e-2154-4e43-881f-36a86fb15c47,f3d68d94-637c-4a8c-801e-d1192fc4756c,2024-12-02,1225,1838,82,149,49,12
a4119a60-f4e5-43be-a0cc-6553fb58c892,f3d68d94-637c-4a8c-801e-d1192fc4756c,2024-12-09,1112,1669,75,135,45,11
4ca96d57-be47-48c7-8d0e-80771e5876df,f3d68d94-637c-4a8c-801e-d1192fc4756c,2024-12-16,1268,1902,85,154,51,12
744a0b6d-00bb-42df-a6ac-c865b6be9ba6,f3d68d94-637c-4a8c-801e-d1192fc4756c,2024-12-23,1242,1863,84,151,50,0
084670a0-9302-4cca-9364-32306b305c48,f3d68d94-637c-4a8c-801e-d1192fc4756c,2024-12-30,1279,1919,86,155,51,12
6dc0f066-d3e2-492f-bbab-edff690606d4,f3d68d94-637c-4a8c-801e-d1192fc4756c,2025-01-06,1100,1650,74,133,44,11
740d3003-0b8c-4705-88f2-f99a0d28c342,77cb6d3b-e2a3-479c-890d-7b146f837fb0,2024-11-04,1054,1581,98,177,59,14
a11a43c0-dd51-4395-a603-cf68aa7d73b7,77cb6d3b-e2a3-479c-890d-7b146f837fb0,2024-11-11,1067,1601,99,179,59,0
ddf6e4c6-9733-4830-af00-693b7fdaa294,77cb6d3b-e2a3-479c-890d-7b146f837fb0,2024-11-18,1235,1853,115,208,69,0
b5067d8b-72e9-4617-a518-a1d53864203c,77cb6d3b-e2a3-479c-890d-7b146f837fb0,2024-11-25,1049,1573,98,176,58,14
6ac32ac6-6536-4e52-a68a-21d84b956a83,77cb6d3b-e2a3-479c-890d-7b146f837fb0,2024-12-02,1370,2056,128,230,76,19
3dc7a5c0-bbec-4075-af6a-62592ad6bc1e,77cb6d3b-e2a3-479c-890d-7b146f837fb0,2024-12-09,1136,1704,106,191,63,15
f76a4e67-008b-4d4e-8e74-69747fd26f19,77cb6d3b-e2a3-479c-890d-7b146f837fb0,2024-12-16,1145,1718,107,193,64,16
79ea2b46-fa95-48ff-a194-09b877e95d0b,77cb6d3b-e2a3-479c-890d-7b146f837fb0,2024-12-23,1205,1808,112,203,67,0
2ca1d067-6871-4567-841a-a7be0979daef,77cb6d3b-e2a3-479c-890d-7b146f837fb0,2024-12-30,1419,2129,132,239,79,19
a7837a72-c611-41b1-b0ff-4da3785506ee,77cb6d3b-e2a3-479c-890d-7b146f837fb0,2025-01-06,1402,2103,131,236,78,19
abea8ccb-0bfc-4d27-a345-b20e4f2302e7,ff25e902-2f69-48ff-aafc-d181e0452b87,2024-11-04,1338,2007,159,287,95,23
0e575908-2ae4-4d41-a490-f930778adec4,ff25e902-2f69-48ff-aafc-d181e0452b87,2024-11-11,1232,1848,146,264,88,0
244a27bf-5ec2-4446-84d9-fa3d9b62a432,ff25e902-2f69-48ff-aafc-d181e0452b87,2024-11-18,1613,2420,192,346,115,28
d03f7aa2-c7f1-4074-a060-de34954365a8,ff25e902-2f69-48ff-aafc-d181e0452b87,2024-11-25,1682,2524,200,361,120,30
28708c29-2ce6-4535-9ff0-5990ce9136b3,ff25e902-2f69-48ff-aafc-d181e0452b87,2024-12-02,1450,2175,172,311,103,25
992323e8-857e-4398-8432-343eb86f6046,ff25e902-2f69-48ff-aafc-d181e0452b87,2024-12-09,1514,2271,180,325,108,0
7c0e081e-f964-4ade-b806-82269f42e4c9,ff25e902-2f69-48ff-aafc-d181e0452b87,2024-12-16,1877,2815,223,402,134,0
350eb9ce-a758-4e06-94cf-eb9f483a6d37,ff25e902-2f69-48ff-aafc-d181e0452b87,2024-12-23,1936,2904,230,415,138,34
c480707d-52ea-48e3-91b1-bfd491c3394c,ff25e902-2f69-48ff-aafc-d181e0452b87,2024-12-30,2365,3548,282,507,169,42
1c45b404-0312-4881-9574-7e82d5ddbc3c,ff25e902-2f69-48ff-aafc-d181e0452b87,2025-01-06,2147,3221,256,461,153,0
06c7c7c4-cd1e-4ff0-97f2-a68f5a3a6949,0a75782b-7db9-47d4-b61f-1be39f23eb90,2024-11-04,1100,1650,46,84,28,7
efe4f5c8-df5e-470e-b623-46770170e64c,0a75782b-7db9-47d4-b61f-1be39f23eb90,2024-11-11,1265,1898,53,97,32,0
96282c6b-725d-4c5f-8b7e-648a9a786309,0a75782b-7db9-47d4-b61f-1be39f23eb90,2024-11-18,1140,1711,48,87,29,7
23cb2dce-ccc0-4aba-8239-88bbeaf73d04,0a75782b-7db9-47d4-b61f-1be39f23eb90,2024-11-25,1373,2059,58,105,35,8
79f314e4-33a4-4e1e-8cc4-ce539764d548,0a75782b-7db9-47d4-b61f-1be39f23eb90,2024-12-02,1285,1928,54,98,32,8
6540ae7b-b3b6-4848-9ef4-1effc649a88f,0a75782b-7db9-47d4-b61f-1be39f23eb90,2024-12-09,1315,1973,56,100,33,0
1c982da9-d9ae-4b28-8f0c-b5407b789037,0a75782b-7db9-47d4-b61f-1be39f23eb90,2024-12-16,1373,2059,58,105,35,0
f0ff1000-a1bf-42ba-9b7e-fe7c06b1d075,0a75782b-7db9-47d4-b61f-1be39f23eb90,2024-12-23,1237,1856,52,94,31,7
fe669de5-2bc2-40c3-b611-5f204a5cca2c,0a75782b-7db9-47d4-b61f-1be39f23eb90,2024-12-30,1301,1951,55,99,33,0
801781c8-b218-4fb6-9457-a679ffe1f084,0a75782b-7db9-47d4-b61f-1be39f23eb90,2025-01-06,1175,1763,50,90,30,7
de1c567e-137c-4286-8818-3099c64a165b,6cd74829-caaf-4a95-ae56-70bd961537ff,2024-11-04,916,1374,49,88,29,0
07fa29eb-c31d-477d-8862-1cdaa2a88cb8,6cd74829-caaf-4a95-ae56-70bd961537ff,2024-11-11,867,1300,46,84,28,0
40fb66f9-a1d0-48f7-92ed-b5dc8985e437,6cd74829-caaf-4a95-ae56-70bd961537ff,2024-11-18,956,1434,51,92,30,7
0ecbc982-8297-48dc-b97b-c28f61627244,6cd74829-caaf-4a95-ae56-70bd961537ff,2024-11-25,699,1048,37,67,22,5
d021f65a-e16a-4575-9e81-89ca8abdb38e,6cd74829-caaf-4a95-ae56-70bd961537ff,2024-12-02,853,1280,46,82,27,6
5b7aaa8a-4f7d-4f76-b590-5e358c220f3e,6cd74829-caaf-4a95-ae56-70bd961537ff,2024-12-09,773,1160,41,75,25,6
258699ac-45e9-48d3-9374-71594f2aa97d,6cd74829-caaf-4a95-ae56-70bd961537ff,2024-12-16,798,1197,43,77,25,0
44cec19d-67f7-4af5-9079-1ecb237a13bf,6cd74829-caaf-4a95-ae56-70bd961537ff,2024-12-23,587,881,31,57,19,0
ceecea5d-376d-4bc2-aa72-3e45329540ff,6cd74829-caaf-4a95-ae56-70bd961537ff,2024-12-30,701,1052,37,68,22,0
420eda09-95a8-4573-b274-190039a60813,6cd74829-caaf-4a95-ae56-70bd961537ff,2025-01-06,625,938,33,60,20,5
f2db4848-8979-459d-9177-7ab00f8b3c0e,d1cd261b-2772-4234-b2f9-f4db78c3afbc,2024-11-04,471,707,24,43,14,3
bc779da4-82c4-4fa5-ab68-33806fd5d74c,d1cd261b-2772-4234-b2f9-f4db78c3afbc,2024-11-11,381,572,19,35,11,2
c3ba7a11-8cbc-4bab-a364-4d7d88512202,d1cd261b-2772-4234-b2f9-f4db78c3afbc,2024-11-18,344,517,17,32,10,2
cde0cfaf-7ce1-4081-8161-3d39d24f1b9f,d1cd261b-2772-4234-b2f9-f4db78c3afbc,2024-11-25,309,463,15,28,9,2
09760e1b-7194-44ab-a4ba-f48baea84d5f,d1cd261b-2772-4234-b2f9-f4db78c3afbc,2024-12-02,276,414,14,25,8,2
c283e1d6-498e-421c-a2dc-a0ae449cfedf,d1cd261b-2772-4234-b2f9-f4db78c3afbc,2024-12-09,252,379,13,23,7,0
d7ee1c31-a41b-4a85-9e84-d86de61028b8,d1cd261b-2772-4234-b2f9-f4db78c3afbc,2024-12-16,260,390,13,24,8,2
772c71d0-d5c8-46d1-b2b5-f6bd3656f9d4,d1cd261b-2772-4234-b2f9-f4db78c3afbc,2024-12-23,216,324,11,20,6,1
f1b31e9a-1649-480d-90fe-bf3de14c4115,d1cd261b-2772-4234-b2f9-f4db78c3afbc,2024-12-30,243,365,12,22,7,1
62d8e0d1-0d0f-4b36-9c25-38e4f540c932,d1cd261b-2772-4234-b2f9-f4db78c3afbc,2025-01-06,205,308,10,19,6,1
fc9040ee-3702-4a79-8e7c-ef64337045dc,0765bb0b-d2f2-472a-991a-229cc52bbb05,2024-11-04,822,1233,56,101,33,8
dcb071b3-8db9-454d-9c7c-ab2a633d48f7,0765bb0b-d2f2-472a-991a-229cc52bbb05,2024-11-11,934,1401,64,115,38,0
75a1dfcd-c6a7-4517-b340-2d345c0a7d84,0765bb0b-d2f2-472a-991a-229cc52bbb05,2024-11-18,1039,1559,71,128,42,0
b4931897-6606-4153-ab70-3f85dfa4db22,0765bb0b-d2f2-472a-991a-229cc52bbb05,2024-11-25,1034,1552,71,127,42,10
56e75c21-2254-4f69-8f42-ced6c7074097,0765bb0b-d2f2-472a-991a-229cc52bbb05,2024-12-02,977,1466,67,120,40,0
19c239e4-cdf7-4b78-9931-0cf03d03b342,0765bb0b-d2f2-472a-991a-229cc52bbb05,2024-12-09,982,1473,67,121,40,10
3f21ffe7-543c-4c98-a730-8616fbee0b25,0765bb0b-d2f2-472a-991a-229cc52bbb05,2024-12-16,977,1466,67,120,40,10
ce1ac2a4-fb84-4870-b338-532865e162b0,0765bb0b-d2f2-472a-991a-229cc52bbb05,2024-12-23,1243,1864,85,153,51,12
1fb669da-0efe-42d5-b460-9cfb21af7d2a,0765bb0b-d2f2-472a-991a-229cc52bbb05,2024-12-30,1182,1773,81,146,48,0
39bd9360-351e-4012-88d2-ece2b35e846b,0765bb0b-d2f2-472a-991a-229cc52bbb05,2025-01-06,1062,1594,72,131,43,10
03d7f4b5-03b3-42af-9e4d-d1d11004f090,7a8a8e58-55e0-439f-84cc-a5b740dbd121,2024-11-04,758,1137,32,58,19,0
2d5290bb-9ead-414e-86fa-26fc280b076a,7a8a8e58-55e0-439f-84cc-a5b740dbd121,2024-11-11,606,910,26,46,15,3
3d821c4f-4e82-4891-9df2-4fa1b35774cc,7a8a8e58-55e0-439f-84cc-a5b740dbd121,2024-11-18,672,1008,28,51,17,4
e97496af-4543-41fd-bfd8-8f7c10716633,7a8a8e58-55e0-439f-84cc-a5b740dbd121,2024-11-25,531,797,22,41,13,3
7f3c3e7f-871b-4b7e-86ad-3697a775d723,7a8a8e58-55e0-439f-84cc-a5b740dbd121,2024-12-02,652,978,27,50,16,0
3f17e12e-b883-4df8-87c4-15e4d07852d1,7a8a8e58-55e0-439f-84cc-a5b740dbd121,2024-12-09,635,953,27,49,16,0
3a21bf87-66bf-4817-a6ac-e30236a4db94,7a8a8e58-55e0-439f-84cc-a5b740dbd121,2024-12-16,551,826,23,42,14,3
5ed9fc2b-05e1-4212-9caa-f683f18b4034,7a8a8e58-55e0-439f-84cc-a5b740dbd121,2024-12-23,442,663,18,34,11,2
4ea8e7d6-ab99-4ed5-9dcf-e99d4c8c46e4,7a8a8e58-55e0-439f-84cc-a5b740dbd121,2024-12-30,525,788,22,40,13,0
3f068cbc-6ebc-406f-a361-194e1dce7c23,7a8a8e58-55e0-439f-84cc-a5b740dbd121,2025-01-06,519,779,22,40,13,0
719de130-ed18-43e3-b4c0-0a11468f2540,e5ccf545-9f84-49c9-b182-f89274aeb1e9,2024-11-04,1661,2492,91,165,55,13
f8e99dfb-9f75-4f56-9aca-2979a6fb3773,e5ccf545-9f84-49c9-b182-f89274aeb1e9,2024-11-11,1517,2276,83,150,50,12
4906dc39-c413-4fa1-9960-3e0d08a0e103,e5ccf545-9f84-49c9-b182-f89274aeb1e9,2024-11-18,1519,2279,83,151,50,12
3786ac29-e0b6-4b89-8374-c04bdb8c7931,e5ccf545-9f84-49c9-b182-f89274aeb1e9,2024-11-25,1497,2245,82,148,49,12
2194a202-bf1d-4254-8e66-2ce0e2a4edca,e5ccf545-9f84-49c9-b182-f89274aeb1e9,2024-12-02,1451,2176,80,144,48,12
2c36fb4f-5194-40f1-b978-194ed2264542,e5ccf545-9f84-49c9-b182-f89274aeb1e9,2024-12-09,1696,2544,93,168,56,14
bee50922-77b9-4039-9556-d33c0a03c7c7,e5ccf545-9f84-49c9-b182-f89274aeb1e9,2024-12-16,1655,2482,91,164,54,13
4db884e2-dead-4ccb-bf7c-c6b6c78fc0f4,e5ccf545-9f84-49c9-b182-f89274aeb1e9,2024-12-23,1662,2493,91,165,55,0
5ca033e3-5c3a-43d9-b148-b81271e2bb7c,e5ccf545-9f84-49c9-b182-f89274aeb1e9,2024-12-30,1630,2446,90,162,54,13
9912aef5-e846-4d63-9b20-32ea1eded674,e5ccf545-9f84-49c9-b182-f89274aeb1e9,2025-01-06,1780,2670,98,177,59,14
